1706982810,W34ther,inco-team1,bug1,bb1f5b070042361e4902d8581b771cb59278f99c,100
1706983156,W34ther,inco-team1,bug1,bb1f5b070042361e4902d8581b771cb59278f99c,100
1706983206,W34ther,inco-team1,bug1,bb1f5b070042361e4902d8581b771cb59278f99c,100
1706984535,W34ther,inco-team1,bug1,bb1f5b070042361e4902d8581b771cb59278f99c,100
1706984586,W34ther,inco-team1,bug1,bb1f5b070042361e4902d8581b771cb59278f99c,100
1706984626,W34ther,inco-team1,bug1,bb1f5b070042361e4902d8581b771cb59278f99c,100
1706984651,W34ther,inco-team1,bug1,bb1f5b070042361e4902d8581b771cb59278f99c,100
1706985188,W34ther,inco-team1,bug1,bug1,10
1706985353,W34ther,inco-team1,bug1,bug1,10
1706985378,W34ther,inco-team1,bug1,bug1,10
1706985404,W34ther,inco-team1,bug1,bug1,10
1706985429,W34ther,inco-team1,bug1,bug1,10
1706985455,W34ther,inco-team1,bug1,bug1,10
1706985482,W34ther,inco-team1,bug1,bug1,10
1706985507,W34ther,inco-team1,bug1,bug1,10
1706985532,W34ther,inco-team1,bug1,bug1,10
1706985557,W34ther,inco-team1,bug1,bug1,10
1706985582,W34ther,inco-team1,bug1,bug1,10
1706985610,W34ther,inco-team1,bug1,bug1,10
1706985637,W34ther,inco-team1,bug1,bug1,10
1706985663,W34ther,inco-team1,bug1,bug1,10
1706985689,W34ther,inco-team1,bug1,bug1,10
1706985716,W34ther,inco-team1,bug1,bug1,10
1706985742,W34ther,inco-team1,bug1,bug1,10
1706985770,W34ther,inco-team1,bug1,bug1,10
